messages;labels
"Москва возглавила рейтинг инновационного развития регионов России. Сегодня в столице работает более 130 тысяч технологических компаний.
Москва заняла в первое место в рейтинге инновационного развития регионов России. Его представил Институт статистических исследований и экономики знаний Национального исследовательского университета «Высшая школа экономики». В пятерку лидеров также вошли Санкт-Петербург, Республика Татарстан, Томская и Нижегородская области.;0"
"Блокчейн и дополненная реальность: в Москве собрана база мировых практик применения ИТ-технологий. В новом разделе портала ICT.Moscow пользователям доступно более тысячи ИТ-практик.
На портале о цифровых технологиях ICT.Moscow появился новый раздел под названием «Кейсы». В нем собрана база российских и зарубежных практик применения ИТ-технологий в различных сферах, например в медицине, промышленности и энергетике, транспорте и логистике, образовании, туризме и других. Каждый представленный в разделе кейс имеет подробное описание, даны сведения о разработчиках, этапах его реализации, применяемых технологиях и полученных результатах.;0"
"Быстрый ремонт сложного оборудования: резидент технопарка «Слава» внедрил новую систему управления производством. Благодаря новым цифровым решениям компания сократила затраты на выпуск продукции. Эти разработки в дальнейшем можно применять и на других сложных многостадийных производствах.
Резидент московского технопарка «Слава» одним из первых в России оцифровал производство высокотемпературных сверхпроводников (ВТСП-проводов). За счет цифровизации компании удалось снизить себестоимость продукции и увеличить продажи за рубеж.
На предприятии внедрили информационную сеть, которая объединяет технические процессы и системы контроля качества. Она фиксирует параметры оборудования и мгновенно сообщает о неполадках. Благодаря этому удается устранять неисправности в течение одной рабочей смены.
Компания активно пользуется мерами поддержки для резидентов технопарков. В 2020 году она получила от города грант в размере 64 миллионов рублей на развитие комплексного инновационного проекта. Также предприятию выделили 4,7 миллиона рублей компенсации по экспортным контрактам. В этом году одобрен новый экспортный грант на сумму 4,6 миллиона рублей.;0"
"Названы финалисты конкурса на присуждение премий «Новатор Москвы». Из 740 заявок, поступивших на участие в конкурсе, в финал отобрали 36 изобретений и разработок.
Определены 36 финалистов конкурса для изобретателей на присуждение премий Мэра Москвы «Новатор Москвы». Всего было подано 740 заявок — в 1,5 раза больше, чем в прошлом году. Теперь номинантам предстоит презентовать свои проекты инвесторам, представителям бизнес-сообщества и органов государственной власти. Им нужно будет подтвердить актуальность разработки, ее научную новизну и востребованность на рынке. Презентация намечена на 15 июня.
Победителями станут авторы 18 проектов — коллективы или индивидуальные участники. ;0"
"Сергей Собянин: Современный город не может существовать без цифровых технологий. Мэр Москвы рассказал об опыте внедрения умных технологий и создания цифровых платформ для жителей мегаполиса.
Информационные технологии стали важнейшей частью любой сферы управления и любой городской отрасли, заявил Сергей Собянин, выступая на пленарном заседании форума Smart Cities Moscow. По его словам, Москва имеет очень продвинутую информационную платформу и готова для внедрения различных сервисов.;0"
"Как внедорожник, только лучше. Рассказываем про изобретения слушателей детских технопарков. В столице работает 18 детских технопарков, слушателями которых стали уже более 330 тысяч человек. Об изобретениях некоторых из них — в материале mos.ru.
Собрать собственного робота и запустить ракету в космос? Или помочь людям справиться с бессонницей? Детские технопарки Москвы дают юным изобретателям возможность реализовать самые амбициозные задумки, а также познакомиться с передовыми технологиями и профессиями будущего уже с начальных классов.;0"
"Москва и «Ростелеком» будут совместно развивать технологии 5G. В городе создадут индустриальный полигон для тестирования инновационных технологий на базе сети пятого поколения.
Мэр Москвы Сергей Собянин и президент ПАО «Ростелеком» Михаил Осеевский в рамках Петербургского международного экономического форума подписали Соглашение о взаимодействии в целях развития в Москве сетей подвижной радиотелефонной связи пятого поколения 5G/IMT-2020.;0"
"От самокатов до искусственного сердца: факты о технополисе «Москва». На инновационной производственной площадке столицы работают более 180 компаний.
Технополис «Москва» признан лучшей особой экономической зоной (ОЭЗ) России по итогам 2020 года. Это не просто одна из производственных площадок столицы, а настоящий центр развития инновационных технологий. Резиденты технополиса «Москва» создают современные лекарства и комплектующие для космоса, а льготная ставка налога на прибыль и доступ к беспошлинному импорту позволяют эффективно развивать производство. Чем уникальна особая экономическая зона — в материале mos.ru.;0"
"На Moscow City Hack зарегистрировались более двух тысяч разработчиков. На участие в соревновании подали заявки специалисты из 63 регионов России и 27 стран мира.
На участие в хакатоне Moscow City Hack направили заявки уже более двух тысяч разработчиков, сообщила Наталья Сергунина, заместитель Мэра Москвы. Соревнование пройдет с 10 по 13 июня в онлайн-формате. Командам предстоит создать новые цифровые продукты и сервисы по заданию городских структур и крупных компаний.;0"
"Электромобили и беспилотники: подать заявку на тестирование инноваций в транспорте Москвы стало еще проще. Прием заявок от стартапов открыт круглосуточно, каждая анкета рассматривается в индивидуальном порядке. Прежде предложить свою технологию для тестирования в городском транспорте можно было только в рамках акселерационных программ, которые проходили пару раз в году.
Научить беспилотный автомобиль считывать сигналы городских светофоров, оценить удобство сети зарядных станций для электромобилей и испытать на деле интеллектуальные транспортные системы, которые помогают регулировать дорожное движение в городе. Создателям инновационных проектов станет еще проще знакомиться с транспортной инфраструктурой города и испытывать свои разработки в реальных условиях.;0"
"В Москве разработали инновационную систему предотвращения пожаров на электросетях. Разработка прошла все необходимые испытания и тесты по электробезопасности, электромагнитной совместимости, содержанию недопустимых химических соединений в устройствах.
Московский производитель низковольтной аппаратуры разработал инновационную систему точного распознавания пожароопасного искрения в электросетях. Устройство защищает от так называемого дугового пробоя. Новинка позволит предотвращать пожары, возникающие при выходе из строя электрооборудования. Об этом сообщил руководитель столичного Департамента инвестиционной и промышленной политики Владислав Овчинский.;0"
"Определены первые получатели грантов на тестирование инноваций. Помощь получат разработчики решений в сфере образования, здравоохранения и реабилитации.
В столице определили первых получателей грантов на тестирование инноваций. Поддержку получат восемь разработчиков, которые представили свои решения в таких сферах, как образование, здравоохранение и реабилитация.;0"
"Уникальную технологию упрочнения деталей для промышленности разработали в Москве. Ее можно применять для создания более надежных деталей горно-обогатительного оборудования, пищевой, химической, нефтегазовой, атомной промышленности.
Московские специалисты разработали не имеющую аналогов технологию упрочнения деталей машин и механизмов для промышленности. Методика помогает сохранить важные свойства нержавеющих сталей.;0"
"Переработка отходов и проекционные переходы: какие проекты готовят участники программы «Академия инноваторов». Молодые предприниматели, присоединившиеся к программе Московского инновационного кластера, работают над 100 передовыми проектами для создания в городе комфортной среды. Их могут внедрить уже в ближайшем будущем.
Возможность трансформировать свои идеи в полномасштабный бизнес и развивать стартапы с помощью города привлекает множество начинающих столичных предпринимателей и молодых ученых. Чтобы помочь им, Московский инновационный кластер (МИК) реализует программу «Академия инноваторов».;0"
"Кофейни, пекарня и бургерная: в Москве одобрили первые гранты на открытие новых точек общепита. На развитие отечественных сетей общепита направят один миллиард рублей.
В Москве одобрили первые заявки на финансовую поддержку предпринимателей, развивающих в городе отечественные сети быстрого питания. Гранты на общую сумму 11 миллионов рублей выделили на открытие семи новых заведений — кофеен, пекарни, бургерной и других. Об этом сообщила Наталья Сергунина, заместитель Мэра Москвы.;0"
"Инновации и способы их продвижения: юных москвичей и их родителей приглашают на образовательные мастер-классы. Участников ждут занятия по развитию креативности и встречи с популярными блогерами. В Москве пройдет серия бесплатных образовательных мастер-классов Digital Week, посвященных созданию и продвижению инновационной продукции. К участию приглашают подростков и их родителей, а также начинающих специалистов в сфере маркетинга. Необходима предварительная регистрация на сайте.
Организаторами мероприятия выступают Агентство инноваций Москвы и школа креативных индустрий TUMO Moscow.;0"
"Какие импортозамещающие технологии разрабатывают московские ИТ-компании. На смену зарубежным могут прийти отечественные мессенджеры, платформы для оцифровки данных, сервисы проведения онлайн-переговоров и виртуальные площадки для организации совместной работы пользователей.
Представители столичной ИТ-отрасли готовы предоставить рынку разработки, которые могут заменить импортное программное обеспечение. Часть международных компаний из-за внешнеэкономических санкций была вынуждена полностью уйти из России или отозвать некоторые свои продукты. На смену им могут прийти отечественные мессенджеры, платформы для оцифровки данных, сервисы проведения онлайн-переговоров и виртуальные площадки для организации совместной работы пользователей из разных городов и стран в дистанционном формате. Для российской ИТ-отрасли открылись новые перспективы развития.;0"
"Предприниматели могут подать заявку на гранты для проведения пилотного тестирования инноваций. Эти средства помогут компенсировать затраты на логистику, страхование, материалы и оплату труда. В Москве открыли прием заявок на гранты для проведения пилотных тестирований инновационных решений. Их могут получить любые зарегистрированные в столице технологические компании или стартапы, которые проверяют работу своих продуктов и сервисов на объектах городской инфраструктуры. Подать заявку на получение гранта можно на портале i.moscow.
Размер грантов составит до двух миллионов рублей на каждое испытание. Средства будут выделяться в рамках программы пилотного тестирования, которую реализует Агентство инноваций Москвы, подведомственное столичному Департаменту предпринимательства и инновационного развития. ;0"
"В Москве будут производить 3D-принтеры из отечественных компонентов. 3D-технологии помогут предприятиям решить проблему импортозамещения.
Московская компания запустит собственное производство 3D-принтеров. Они будут состоять из максимального количества произведенных в России комплектующих. На принтерах планируют печатать запчасти для бытовых приборов, автомобилей, фурнитуры и многое другое. Это снизит стоимость конечного продукта и сократит зависимость от импорта, рассказал глава Департамента инвестиционной и промышленной политики города Москвы Владислав Овчинский.;0"
"Прием заявок на конкурс «Новатор Москвы» продлен до 25 апреля. Авторы 18 лучших разработок получат от 500 тысяч до 1,5 миллиона рублей.
Прием заявок на соискание ежегодной премии для изобретателей «Новатор Москвы» продлили. Авторы инновационных разработок могут зарегистрироваться на участие в конкурсе на сайте проекта до 25 апреля, сообщила Наталья Сергунина, заместитель Мэра Москвы. Цель конкурса — поддержать создателей прогрессивных технологий.;0"
"Технологии, инновации и патенты: какие новые меры поддержки бизнеса приняли в столице. На этой неделе стало известно о запуске программы льготного кредитования технологических предприятий, поддержке пилотных тестирований инновационной продукции на объектах городской инфраструктуры и о помощи в компенсации затрат на патентование изобретений.
На этой неделе были приняты дополнительные меры поддержки предпринимателей и разработчиков инновационной продукции в условиях санкционного давления.;0"
"Сергей Собянин: Поддержка Москвы даст ИТ-компаниям возможность развиваться даже в условиях санкций. Власти Москвы не планируют сокращать объемы государственного заказа в ИТ-секторе.
Информационные технологии играют ключевую в роль в жизни Москвы, и новые вызовы, с которыми столкнулась эта отрасль, влияют на все секторы экономики и государственного управления. Об этом Сергей Собянин заявил на встрече с руководителями крупнейших ИТ-компаний. Мэр Москвы и Министр цифрового развития, связи и массовых коммуникаций России Максут Шадаев обсудили с ними вопросы поддержки отрасли в условиях санкционного давления.;0"
"Сергей Собянин выделил средства на тестирование инновационной продукции. Размер грантов составит до двух миллионов рублей на каждое тестирование.
Правительство Москвы выделило 200 миллионов рублей Агентству инноваций Москвы на финансирование ранее утвержденной программы поддержки проведения пилотных тестирований инновационной продукции на объектах городской инфраструктуры. Постановление по этому вопросу подписал Сергей Собянин. ;0"
"Сергей Собянин объявил о финансовой поддержке программы пилотного тестирования инновационной продукции. Разработчики смогут потратить средства на компенсацию затрат на логистику, страхование, сертификацию, расходные и комплектующие материалы, оплату труда, ремонт и техническое обслуживание, а также на аренду дополнительного оборудования.
Технологические компании получат финансовую поддержку для проведения пилотных тестирований инновационной продукции на базе городской инфраструктуры. Соответствующее постановление подписал Сергей Собянин на заседании Президиума Правительства Москвы. ;0"
"Агентство инноваций Москвы получило HR-премию Trainings 2022. Его отметили за лучшую организацию и сопровождение начала карьеры в государственном секторе.
Агентство инноваций Москвы стало победителем всероссийской премии в области управления персоналом Trainings 2022. Эксперты отрасли признали его лучшим за организацию и сопровождение начала карьеры в государственном секторе.;0"
"В Москве пройдет хакатон для поиска новых решений в сфере здравоохранения. У участников есть возможность разработать продукт, который будет внедрен в систему московского здравоохранения на постоянной основе.
Московский центр инновационных технологий в здравоохранении совместно с Физтех-школой биологической и медицинской физики Московского физико-технического института (МФТИ) проведет хакатон Health Data Hack в области машинного обучения и анализа данных в медицине. Он пройдет с 22 марта по 11 апреля.;0"
"Стажировка на экране: в технополисе «Москва» студентов обучают с помощью виртуальной реальности. Благодаря обучающим программам учащиеся могут без производственного риска повысить уровень своих компетенций.
С сентября 2021 года столичные студенты могут проходить производственную практику с помощью технологий виртуальной реальности. Такие программы разработали сотрудники Московского государственного образовательного комплекса (МГОК).
Одна из базовых кафедр МГОК расположена в особой экономической зоне «Технополис “Москва”», подведомственной столичному Департаменту инвестиционной и промышленной политики. В ОЭЗ работают около 200 высокотехнологичных предприятий, на которых студенты МГОК имеют возможность проходить практику, изучая производство микроэлектроники, современных материалов, оптики, электронной аппаратуры, а также другой промышленной продукции.;0"
"Тестируемые в Москве медицинские стартапы получат гранты на использование облачных сервисов. Это ускорит разработку новых технологий и позволит оказывать москвичам еще более эффективную медицинскую помощь.
Московский центр инновационных технологий в здравоохранении комплекса социального развития Москвы и облачная платформа Yandex.Cloud подписали соглашение о сотрудничестве и поддержке медицинских технологических проектов на базе искусственного интеллекта.
Стартапы, которые тестируются в городских медучреждениях, смогут получить грант на использование облачных сервисов и приоритетную техническую поддержку для ускоренной разработки. Об этом сообщила Анастасия Ракова, заместитель Мэра Москвы по вопросам социального развития.;0"
"Робот-манипулятор и цифровая лаборатория: как тестируют новые технологии в образовании. Ученики освоят азы программирования, а также смогут провести эксперименты по естествознанию, физике, химии и биологии.
Изучать естественные науки в цифровой лаборатории и осваивать программирование при помощи робота теперь могут ученики центра реабилитации и образования № 7, подведомственного Департаменту труда и социальной защиты населения города Москвы. Такую возможность им предоставила программа пилотного тестирования инноваций.;0"
"Сергей Собянин посетил Московский центр инновационных технологий в здравоохранении. Основные цели его деятельности — поиск, содействие разработке и внедрению передовых технологий в московское здравоохранение.
Сергей Собянин ознакомился с медицинскими стартапами в Московском центре инновационных технологий в здравоохранении (МЦИТЗ) на проспекте Вернадского.;0"
"Эволюция продукта и международные заказы: что дает разработчикам победа в конкурсе «Новатор Москвы». Лауреаты премии нашли новых заказчиков, в том числе за рубежом, привлекли крупных партнеров и создали новые модели продукта.
На этой неделе в столице открылся прием заявок на участие в конкурсе на присуждение премии «Новатор Москвы». Ей награждают за лучшие инновационные проекты и разработки в разных отраслях — от промышленности и медицины до транспорта и экологии.;0"
"Инновации и зеленые технологии: Московскому зоопарку — 158 лет. Какие новшества первыми внедряли сотрудники столичного зоосада — в материале mos.ru.
Московский зоопарк был основан 12 февраля 1864 года профессорами Московского университета Анатолием Богдановым, Яковом Калиновским, Сергеем Усовым и другими членами Общества акклиматизации животных и растений. К моменту открытия обитателями зоосада значились 300 особей (в основном представители российской фауны, домашние животные разных пород, а также несколько экзотических видов — два льва, ягуар, леопард, гиена, аллигатор, речные черепахи). Сегодня коллекция насчитывает 1237 видов и 15 754 экземпляра (включая более тысячи перелетных на Большом пруду).;0"
"Два инновационных проекта столицы отметили на международном конкурсе. Эксперты оценивали проекты по таким критериям, как новизна, удобство, ориентация на пользователя и эффективность.
Сразу два столичных проекта завоевали призовые места на престижном конкурсе Quality Innovation Award. «Московская электронная школа» («МЭШ») и проект «Технологии компьютерного зрения на базе искусственного интеллекта для анализа медицинских изображений в радиологии» вошли в число 25 победителей и призеров международного этапа. Эксперты оценивали проекты по таким критериям, как новизна, удобство, ориентация на пользователя и эффективность.
Всего на конкурс представили более 560 инновационных проектов из России, Китая, Чехии, Испании, Сербии, Индии, Израиля, Швеции, ЮАР и других стран.;0"
"Как важно быть ученым: чем занимаются молодые исследователи в московских технопарках. В День российской науки, 8 февраля, молодые исследователи рассказали mos.ru, как проверяют лекарства, можно ли заинтересовать гуманитариев наукой и что мотивирует ученых.
Работа этих ребят напоминает кадры из научно-фантастического фильма: микроскопы, датчики, счетчики. Молодые ученые тестируют инновационные разработки, изучают детали будущих космических кораблей, спутников и медицинские приборы. А базой для самых амбициозных исследований стали московские технопарки. В их лабораториях и производственных цехах созданы все условия для изобретений и открытий.;0"
"Устройства для очищения крови и инъекции от последствий COVID-19: изобретения резидентов «Научного парка МГУ». Новые разработки помогают лечить осложнения коронавируса и спасают при других критических состояниях.
Два резидента технопарка «Научный парк МГУ» представили свои передовые продукты, которые направлены на предотвращение тяжелой формы течения коронавирусной инфекции. О сути изобретений и их потенциале рассказали разработчики.;0"
"В столице протестируют российские аппараты вакуумной терапии для ускоренного лечения ран. Вакуумная терапия уже внесена в столичную программу ОМС.
Московский центр инновационных технологий в здравоохранении комплекса социального развития Москвы проведет испытания российских аппаратов вакуумной терапии для ускоренного лечения тяжелых ран. Технология автоматизирует процесс и позволяет быстро перевести пациента на амбулаторный режим.;0"
"В 2023 году в Москве завершится строительство национального космического центра. На одной площадке будут работать ключевые организации ракетно-космической промышленности, а также образовательный комплекс, молодежные конструкторские бюро, центр поддержки бизнеса и выставочные центры.
В 2023 году на западе Москвы будет достроен национальный космический центр (НКЦ). Комплекс зданий появится на территории Государственного космического научно-производственного центра (ГКНПЦ) имени М.В. Хруничева. Стройку посетили Мэр Москвы Сергей Собянин и генеральный директор госкорпорации «Роскосмос» Дмитрий Рогозин.;0"
"«Цифровое деловое пространство» за четыре года посетили 280 тысяч человек. Сегодня это флагманская площадка для мероприятий технологической направленности.
Отраслевые мероприятия площадки «Цифровое деловое пространство» за четыре года посетили более 280 тысяч человек.
«“Цифровое деловое пространство” сегодня — флагманская площадка для мероприятий технологической направленности. В 2021 году здесь состоялось свыше 700 событий, посвященных в том числе и развитию стартапов, прорывным инновациям и новым трендам в мире технологий. Пространство превратилось в точку коммуникации малого и крупного бизнеса, где зарождаются новые проекты, а перспективные инновационные решения находят своего заказчика», — рассказал руководитель столичного Департамента предпринимательства и инновационного развития Алексей Фурсин.;0"
"Облачные сервисы помогли обработать почти восемь миллионов лучевых исследований за год. Благодаря сервису рентгенологи могут дистанционно описывать исследования, а врачи-специалисты — мгновенно получать заключения и снимки.
В облачное хранилище единого радиологического информационного сервиса (ЕРИС) за прошлый год было загружено почти восемь миллионов лучевых исследований. Об этом сообщил Сергей Морозов, директор Центра диагностики и телемедицины.;0"
"Больше разработок и амбициозных задач: как расширяется онлайн-платформа «Карта инновационных решений». Карта инновационных решений помогает предпринимателям привлекать клиентов и партнеров, а также позволяет городским ведомствам и учреждениям оставлять запросы по поиску необходимых разработок.
На открытой онлайн-платформе «Карта инновационных решений» за минувший год было представлено свыше трех тысяч технологичных разработок более чем от двух тысяч российских компаний. Кроме этого, в 2021-м там появились новые тематические подборки с актуальной информацией о продукции и услугах не только российских, но и зарубежных компаний.;0"
"В акселерационных программах Московского экспортного центра приняло участие более 200 компаний. Акселерационные программы помогают выйти на зарубежные рынки. До 90 процентов стоимости обучения оплачивает город.
В 2021 году более 200 компаний прошли акселерационные программы, подготовленные Московским экспортным центром. По сравнению с 2020-м их количество увеличилось втрое. Программы рассчитаны на представителей бизнеса, которые хотят выйти на новые зарубежные рынки. Об этом рассказал руководитель Департамента предпринимательства и инновационного развития города Москвы Алексей Фурсин. ;0"
"Более половины продукции резидентов технополиса «Москва» производится в сфере микроэлектроники. Микроэлектроникой занимаются более 30 резидентов технополиса «Москва». В этом году они выпустили продукции на 8,5 миллиарда рублей.
Более 50 процентов всей продукции, выпускаемой в особой экономической зоне «Технополис “Москва”», производится в сфере микроэлектроники. Об этом рассказал руководитель столичного Департамента инвестиционной и промышленной политики Александр Прохоров. ;0"
"От платежной экосистемы до многоуровневых ферм: самые интересные инновации 2021 года. Три столичных стартапа, реализованных при поддержке города, стали победителями акселерационных программ, а также премии «Новатор Москвы».
Город поддерживает высокотехнологичные компании, которые предлагают новейшие решения в самых разных сферах, дает возможность разработчикам протестировать свою продукцию в реальных условиях и помогает с выходом на международный рынок.
Бизнесмены могут поучаствовать в бесплатных программах развития технологического бизнеса, таких как StartHub.Moscow и «Московский акселератор». А в 2019 году для изобретателей учредили премию «Новатор Москвы», которая помогает внедрять новые решения и технологии в жизнь.
Рассказываем о трех проектах — участниках программ, реализуемых Агентством инноваций Москвы при поддержке Департамента предпринимательства и инновационного развития Москвы, которые заявили о себе в 2021 году.;0"
"Борьба против COVID-19 и поддержка стартапов: достижения Москвы в 2021 году. В 2021 году Москва как развитый мегаполис в очередной раз подтвердила свое соответствие мировым стандартам качества жизни, став одним из самых безопасных, комфортных и технологичных городов по версиям многих международных рейтингов.
Москва занимает высокие позиции в мире по качеству жизни и экономическому развитию. Город — в числе лидеров по использованию цифровых технологий, доступности медицины и образования, развитости электронных услуг, комфортной среды для предпринимателей. В 2021 году столица вошла в топ-5 лучших городов мира, в тройку самых привлекательных для жизни мегаполисов и стала лучшей в Европе по инновациям, помогающим в борьбе с COVID-19. Об этих и других успехах и достижениях Москвы в прошлом году — в материале mos.ru.
Инновации в борьбе против COVID-19
Москва заняла первое место среди европейских городов в рейтинге инноваций, помогающих в борьбе с COVID-19. Список, составленный биржей инноваций в сфере здравоохранения (HIEx) программы ООН UNAIDS и международным агентством StartupBlink, учитывал опыт более чем 100 городов и 40 стран мира. Среди мировых мегаполисов Москва заняла третью позицию, пропустив вперед Сан-Франциско и Нью-Йорк.
Лидирующие позиции в рейтинге обеспечили более 150 инновационных продуктов и сервисов. Продемонстрировать столь высокий уровень столице удалось, в частности, за счет прогрессивных решений на основе искусственного интеллекта в радиологии. Свою лепту внесло и еще одно инновационное решение — создание единой цифровой платформы здравоохранения, которая обеспечила персонифицированное ведение каждого пациента на всех этапах лечения коронавируса. Высоких показателей удалось достигнуть также за счет проектов по адаптации жизни горожан во время пандемии: развития электронной коммерции, технологий дистанционной работы и онлайн-образования.
Во время пандемии российская столица также поддерживала бизнес за счет ряда субсидий и льгот. В 2021 году этими мерами поддержки воспользовалось порядка 25 тысяч предприятий малого и среднего бизнеса.;0"
"Робототехника, программирование, веб-дизайн: что приготовил «Техноград» на январские праздники. Гости комплекса «Техноград» на ВДНХ смогут посетить занятия по программированию, робототехнике и маркетингу, получить консультации по профориентации и поучаствовать в увлекательных играх.
Научиться управлять промышленным роботом, освоить азы программирования, поучаствовать в интеллектуальной игре или пройти тест на профориентацию можно с 3 по 9 января в инновационно-образовательном комплексе «Техноград». Здесь подготовили около полусотни познавательных и творческих мероприятий для посетителей всех возрастов. Участие в них бесплатное, но необходима предварительная регистрация.;0"
"Сергей Собянин осмотрел ход строительства кластера «Ломоносов» инновационного центра МГУ. Кластер «Ломоносов» — это первый объект будущего научно-технологического центра. Уже в 2023 году здесь планируют принять первых резидентов.
Готовность кластера «Ломоносов» инновационного научно-технологического центра (ИНТЦ) МГУ «Воробьевы горы» составляет 32 процента. Ход строительства осмотрели Мэр Москвы Сергей Собянин и ректор Московского государственного университета имени М.В. Ломоносова Виктор Садовничий.;0"
"Вода на Луне и технологии дополненной реальности: в Москве пройдет «Ночь технологических стартапов». Участники узнают, как запускать и развивать бизнес-проекты в самых потенциально востребованных и прибыльных направлениях будущего.
В столице состоится конференция «Ночь технологических стартапов». Мероприятие пройдет 24 декабря с 17:00 до 00:00 на технологической площадке Агентства инноваций Москвы «Старт Хаб» на «Красном Октябре».;0"
"Первый в России 5G-полигон заработал в Москве на базе Боткинской больницы. В будущем на базе полигона планируется проводить прикладные исследования, испытания прототипов и опытных образцов инновационных медицинских решений и услуг, работающих на базе сети 5G.
В Москве на базе Боткинской больницы открылся первый в России индустриальный полигон с инфраструктурой сетей связи пятого поколения (5G). Здесь будут тестировать прорывные цифровые технологии и сервисы здравоохранения, для которых важна высокая скорость сбора, обработки и передачи больших массивов данных.
Как уточнила Анастасия Ракова, заместитель Мэра Москвы по вопросам социального развития, городскую клиническую больницу имени С.П. Боткина выбрали не случайно. Это одно из самых продвинутых и оснащенных учреждений столичного здравоохранения.;0"
"Прикладные задачи и экскурсии по производствам: завершилась студенческая неделя «Моспром studweek». Более 90 человек получили возможность прохождения практики и трудоустройства.
С 11 по 18 декабря в столице прошла студенческая неделя «Моспром studweek». За это время более чем для тысячи учащихся столичных технических вузов провели свыше 50 экскурсий по московским предприятиям. Студенты также приняли участие в хакатоне, где решали прикладные инженерные задачи, и в быстрых собеседованиях. Более 90 человек получили возможность прохождения практики и трудоустройства.;0"
"«Инновации в транспорте»: на площадке «Цифровое деловое пространство» пройдет отраслевой форум. На форуме запланировано выступление представителей крупных компаний, выставка инноваций, питч-сессии, будет работать зона быстрых встреч.
На площадке «Цифровое деловое пространство» 20 декабря состоится городской отраслевой форум «Инновации в транспорте». Мероприятие будет посвящено транспортной индустрии и городской аэромобильности. Для участия нужно зарегистрироваться на сайте Агентства инноваций Москвы.;0"
"Павильон «Умный город» на ВДНХ принял Неделю российского интернета. В числе ключевых тем форума в этом году — технологии искусственного интеллекта, новые медиа, креативные индустрии и цифровые тренды.
Павильон «Умный город» на ВДНХ стал одной из центральных офлайн-площадок Недели российского интернета (Russian Internet Week / RIW). Форум проходил с 6 по 12 декабря, часть мероприятий провели в других городских пространствах, а выступления спикеров транслировались онлайн.
Главными темами для обсуждения на форуме в этом году стали цифровые технологии и инновации, искусственный интеллект (ИИ), креативные индустрии, экономика и бизнес, новые медиа, господдержка и многое другое.;0"
"Драйвер для инноваций: как работает Московский центр инновационных технологий в здравоохранении. Вячеслав Шуленин, директор центра, рассказал, как самые современные медицинские технологии внедряются в городское здравоохранение.
Московский центр инновационных технологий в здравоохранении создали в столице меньше года назад по решению Мэра Москвы. Его главная задача — поиск, развитие и внедрение передовых технологий в столичное здравоохранение. Генеральный директор центра Вячеслав Шуленин рассказал mos.ru, что медицинские стартапы могут дать городу.;0"
"Космоботинки и необычный велосипед: как и зачем в Москве тестируют приборы для реабилитации. Прежде чем начать широко использовать оборудование для реабилитации, его тестируют.
Протестировать свои инновационные разработки в государственных и коммерческих организациях, получить обратную связь и заключить контракты на поставку. Все это доступно предпринимателям благодаря столичной программе пилотного тестирования инноваций, которую реализует Агентство инноваций Москвы с мая 2020 года.;0"
"Экскурсии и хакатон: как пройдет студенческая неделя «Моспром studweek». Победители соревнований получат возможность пройти стажировку на промышленных предприятиях.
В Москве с 11 по 18 декабря пройдет студенческая неделя «Моспром studweek». Для учащихся профильных технических вузов проведут более 50 экскурсий по московским предприятиям, к четырем из которых присоединятся звездные гости. Кроме того, команды ведущих вузов примут участие в хакатоне и смогут решить прикладные инженерные задачи.;0"
"Цифровую экосистему Москвы отметили премией Рунета. Столичные проекты стали лучшими в категориях «Государство и общество», «Креативные индустрии», «Развитие внутреннего туризма» и других.
Проекты Правительства Москвы получили премию Рунета сразу в пяти номинациях, в частности в таких как «Государство и общество», «Креативные индустрии», «Развитие внутреннего туризма» и других. Среди лауреатов — цифровая экосистема Москвы, сервис краткосрочной аренды городских пространств «Вместе с культурой», туристический сервис Russpass и портал Discovermoscow.com. Всего на премию было подано более тысячи заявок.;0"
"В Москве открывается международный форум Nobel Vision. Open Innovations 2.0. Его главная тема — Discovering NextTech («Знакомство с технологиями будущего»).
В Москве 7 декабря пройдет международный форум Nobel Vision. Open Innovations 2.0. Это продолжение ежегодного форума «Открытые инновации». Мероприятие проведут в смешанном формате — онлайн и офлайн.
«Ежегодный форум, который теперь называется Nobel Vision, давно зарекомендовал себя в профессиональной среде. Он знакомит с перспективными технологиями, помогает талантливым разработчикам найти партнеров и инвесторов. Москва традиционно презентует здесь свой опыт по внедрению инноваций в разных сферах. Решения в области искусственного интеллекта, машинного зрения, новых материалов находят применение во многих отраслях, повышая качество жизни в городе», — сказала Наталья Сергунина, заместитель Мэра Москвы;0"
"Ответ на запрос: как технологические компании могут предложить свои разработки городу. На платформе «Карта инновационных решений» публикуются новые запросы от городских структур.
Новые запросы на поиск инновационных решений для города размещены на онлайн-платформе «Карта инновационных решений». Ее оператор — Агентство инноваций Москвы, подведомственное столичному Департаменту предпринимательства и инновационного развития.
Найти запросы от городских структур можно в соответствующем разделе. В их числе — решения для мониторинга состояния учащихся и спортсменов, автоматизация процесса строительного контроля, работы с технической документацией. Кроме того, город также ищет инновации для реабилитации пациентов, помощи детям с ограниченными возможностями здоровья, а также решения, позволяющие использовать ливневые стоки для содержания растений.;0"
"Умные протезы и вертикальные грядки: победители премии «Новатор Москвы» — о своих проектах. В этом году на конкурс было подано 740 заявок. До финала дошли 36 проектов, а победителями стали 18 из них.
Вырастить овощи на Крайнем Севере, сделать безопасную бытовую химию или научить протезы лучше понимать человека — все это возможно благодаря разработкам московских изобретателей. Два года назад для них учредили премию «Новатор Москвы». В ней участвуют самые амбициозные проекты в медицине, транспорте, сфере информационных технологий и других, которые меняют повседневную жизнь. Об инновациях, получивших премию в этом году, — в материале mos.ru. ;0"
"Москва заняла первое место среди европейских городов в рейтинге инноваций, помогающих в борьбе с COVID-19 В мире Москва занимает третье место, уступая лишь Нью-Йорку и Сан-Франциско. Москва признана первой среди европейских городов в рейтинге инноваций, помогающих в формировании устойчивости коронавирусу. Она опередила Лондон и Барселону. Среди мировых мегаполисов российская столица занимает третью строчку — после Сан-Франциско и Нью-Йорка. Пятерку замыкают Бостон и Лондон. Рейтинг составило международное исследовательское агентство StartupBlink. Добиться высоких показателей Москве помогло почти 160 передовых решений, которые применяются для борьбы с распространением коронавируса. Среди них алгоритмы компьютерного зрения на основе искусственного интеллекта. Это методика уже помогла рентгенологам проанализировать более трех миллионов исследований. Еще одно инновационное решение — облачная платформа, которая объединяет пациентов, врачей, медицинские организации, страховые компании, фармакологические производства и сайты. Способствовали высоким результатам и технологии, которые помогают адаптировать жизнь горожан во время пандемии. Это проекты в сфере умного туризма, электронной коммерции и логистики, а также дистанционной работы и онлайн-образования. Эксперты агентства StartupBlink оценивали принятые в Москве меры с точки зрения эпидемиологических показателей и влияния на экономику.;1"
"Москва стала лидером в Европе в рейтинге инноваций, помогающих в борьбе с COVID-19 В мире российская столица заняла третье место, обогнав Лондон и Барселону. Москва заняла первое место среди европейских городов в рейтинге инноваций, помогающих в борьбе с COVID-19, опередив Лондон и Барселону. Об этом сообщает портал мэра и правительства Москвы. В мире российская столица заняла третье место, уступив лишь Нью-Йорку и Сан-Франциско. В российской столице применяются почти 160 передовых решений для борьбы с распространением коронавируса. Среди них алгоритмы компьютерного зрения на основе искусственного интеллекта, а такжеоблачная платформа, которая объединяет пациентов, врачей, медицинские организации, страховые компании, фармакологические производства и сайты. Способствовали высоким результатам и технологии, которые помогают горожанам адаптироваться во время пандемии. Это проекты в сфере умного туризма, электронной коммерции и логистики, а также дистанционной работы и онлайн-образования. Рейтинг составляется на базе глобальной карты инновационных решений по борьбе с коронавирусом и оценивает около 100 ведущих городов и 40 стран мира.;1"
"Москва заняла первое место в Европе по инновациям в борьбе с COVID-19 Москва обошла европейские столицы в рейтинге инноваций по устойчивости к COVID-19, опередив Лондон и Барселону, сообщается на официальном сайте мэра Москвы. Российская столица также заняла третье место среди мировых мегаполисов. В пятерку лидеров вошли Бостон и Лондон. Занять лидирующие позиции в рейтинге Москве помогли около 50 передовых решений, которые применяются для борьбы с распространением COVID-19. Одно из таких решений - алгоритмы компьютерного зрения на основе искусственного интеллекта, которые уже помогли рентгенологам проанализировать более трех миллионов исследований. Также высоким результатам способствовали технологии, помогающие адаптировать жизнь москвичей во время пандемии. Среди них - проекты в сфере умного туризма, электронной коммерции и логистики, дистанционной работы и онлайн-образования. Эксперты оценивали, как принятые в Москве меры влияют на эпидемиологические показатели и экономику.;1"
"Москва заняла первое место в Европе по инновациям в борьбе с COVID-19 Исследовательское агентство StartupBlink составило рейтинг городов по инновациям, помогающим в борьбе с COVID-19. Москва заняла в нем третье место в мире и первое — среди европейских городов. «Среди мировых мегаполисов российская столица занимает третью строчку — после Сан-Франциско и Нью-Йорка. Пятерку замыкают Бостон и Лондон»,— говорится на сайте московской мэрии. Среди московских инноваций, используемых для борьбы с коронавирусом,— алгоритмы компьютерного зрения на основе искусственного интеллекта (задействованы в медицинских исследованиях), облачная платформа (объединяет пациентов, врачей, медицинские организации, страховые компании, фармакологические производства и сайты), технологии для адаптации к жизни в городе в период пандемии (проекты в сфере «умного» туризма, электронной коммерции и логистики, а также дистанционной работы и онлайн-образования). По словам мэра Москвы Сергея Собянина, по состоянию на конец ноября большинство отраслей экономики столицы «чувствуют себя нормально». По данным мэрии, в 2021 году в Москве около 25 тыс. предприятий малого и среднего бизнеса получили поддержку властей.;1"
"Москва стала первой в Европе среди городов с инновациями по борьбе с COVID-19 Москва заняла первое место среди европейских городов в рейтинге инноваций, которые помогают бороться с коронавирусом. Об этом сообщает пресс-служба мэрии столицы. Рейтинг составило международное исследовательское агентство «StartupBlink». Среди европейских столиц Москва стала первой, обогнав Лондон и Барселону, а среди мировых городов – третьей, уступив Нью-Йорку и Сан-Франциско. Как отметили в мэрии Москвы, добиться таких высоких показателей помогли почти 160 передовых инноваций, среди которых алгоритмы компьютерного зрения на основе искусственного интеллекта, облачная платформа, объединившая пациентов, врачей, медицинские организации, страховые компании, фармакологические производства и сайты, а также технологии, которые помогают адаптировать жизнь горожан во время пандемии – проекты в сфере «умного» туризма, электронной коммерции и логистики, дистанционной работы и онлайн-образования. При этом в правительстве города подчеркнули, что при введении антиковидных ограничений власти отказались от крайностей, сделав ставку на профилактику заболевания – увеличили количество пунктов с бесплатным тестированием и вакцинацией, запатентовали онлайн-программы и платформы для обучения, и занялись развитием телемедицины.;1"
"Москва заняла восьмое место среди европейских городов в рейтинге инноваций, помогающих в борьбе с COVID-19 В мире Москва занимает лишь восьмое место, уступая в том числе Нью-Йорку и Сан-Франциско. Москва лишь пятой среди европейских городов в рейтинге инноваций, помогающих в формировании устойчивости коронавирусу. Она пропустила вперёд как Лондон, так и Барселону. Рейтинг составило международное исследовательское агентство StartupBlink. Добиться высоких показателей Москве помогло почти 70 передовых решений, которые применяются для борьбы с распространением коронавируса. Среди них алгоритмы компьютерного зрения на основе искусственного интеллекта. Это методика уже помогла рентгенологам проанализировать более пятисот тысяч исследований. Еще одно инновационное решение — облачная платформа, которая объединяет пациентов, врачей, медицинские организации, страховые компании, фармакологические производства и сайты. Способствовали высоким результатам и технологии, которые помогают адаптировать жизнь горожан во время пандемии. Это проекты в сфере умного туризма, электронной коммерции и логистики, а также дистанционной работы и онлайн-образования. Эксперты агентства StartupBlink оценивали принятые в Москве меры с точки зрения эпидемиологических показателей и влияния на экономику.;1"
"Бостон занял первое место среди европейских городов в рейтинге инноваций в медицине, а Андроново отказалось от участия в оценке Бостон признан первым среди европейских городов в рейтинге инноваций, помогающих в формировании устойчивости коронавирусу. Он опередил Лондон, Барселону и Андроново. В мире Бостон занимает третье место, уступая лишь Нью-Йорку и Сан-Франциско. Андроново не участвовало в оценке в этом году. Рейтинг составило международное исследовательское агентство StartupBlink. Обойти преследователей Бостону помогло более 100 передовых решений, которые применяются для борьбы с распространением коронавируса. В свою очередь Андроново уже несколько лет не участвует в рейтинге по причине отсутствия кислорода в атмосфере города и водорода в составе воды в реке Лене. В качестве инновационного решения, позволяющего исправить положение, неким человеком на улице было предложено использовать фаршированных гонобобелем голубей для обеспечения регулярного авиасообщения с планетой Железяка. Другое предложенное решение оказалось ещё более странным, чем предыдущее — облачная платформа, которая объединяет перистые и кучевые облака в сверхмассивный кластер инновационных перисто-кучевых облаков. Такого рода высокие технологии вряд ли помогут Андронову занять какое-либо место в каком-нибудь конкурсе.;1"
"Проектный офис ФЭСН РАНХиГС завершает 30 проектов. И начинает новые. Ежегодно в мае-июне Проектный офис Факультета экономических и социальных наук завершает работу над бизнес-проектами и представляет результаты заказчикам – российским и международным компаниям. Среди компаний-заказчиков были крупные российские компании и организации: Сбер, РЖД, ВЭБ, Минстрой РФ, Ростуризм, Правительство Москвы, киностудия им. Горького, холдинг САВООВ ФУДС, Альфа-Банк, ВТБ, Дом РФ, Очаково, Сегежа-Групп а также представительства зарубежных компаний: BMW, DeLonghi, L’Oreal, Pfizer, Ritter Sport, Xiaomi, Avon, Schneider Group и др. Проектный офис ФЭСН является крупнейшим университетским проектным центром не только по количеству и сложности проектов, и не только по количеству студентов-участников. Он уже создал и создает новые масштабные форматы проектной работы. Так, еще пять лет назад ФЭСН вовлек в проектную деятельность университеты пяти стран Европы и стал разрабатывать с ними полугодичные проекты для международных компаний на английском языке. Некоторые сложные проекты делались усилиями проектных групп нескольких стран; например, в проекте от генерального директора BMW Russia по «Разработке маркетинговой стратегии перехода компании BMW с бензиновых двигателей на электрические в России» бакалавры ФЭСН работали вместе с магистрами из Германии и Бельгии. А в одном из проектов участвовали команды из Германии, Бельгии, Италии, 4 проектные группы из Франции и 5 из Бразилии.;1"
"Сервис «Социальный мониторинг» стал призером «Оскара» среди инноваций. Московский сервис «Социальный мониторинг» признан бронзовым призером Edison Awards — престижной премии, посвященной новым технологиям. Это своего рода «Оскар» в сфере инноваций.
Столичный сервис стал третьим в подкатегории «Доступность и прозрачность». Первое место занял информационный проект сайта USAFacts, посвященный подробной статистике распространения коронавирусной инфекции в США. На втором месте оказалась разработка из Саудовской Аравии.;0"
"Платформа для BIM-проектов и система авиамониторинга: в Москве начали испытывать разработки с технологией 5G. 5G-демоцентр — первая в России городская лаборатория для апробации инновационных решений с применением связи нового поколения. Здесь российские компании могут проверить свои разработки перед тем, как вывести их на рынок. Разработчики комплексно тестируют и программное обеспечение, и устройства, предназначенные для работы с сетями нового поколения.;0"
"Воздушное такси и грузовые беспилотники: разработки участников Московского инновационного кластера. Предприниматели воплощают инновационные идеи, а площадка кластера помогает найти инвесторов, партнеров, а также получить поддержку города.
Весь мир в апреле вспоминает Юрия Гагарина и первый полет в космос. Преодолев земное притяжение тогда, человек продолжает исследовать Вселенную. Технологии развиваются, и возможностей для этого с каждым годом становится больше. Вносят свой вклад в развитие аэрокосмической отрасли и передовые столичные компании. А помощь им оказывает Московский инновационный кластер. На платформе новые разработки находят поддержку города, а еще инвесторов, клиентов и единомышленников.;0"
"Нейротренинги и умная трость: что еще представят на форуме социального бизнеса. Гостей ждет выставка инновационных решений, питч-сессии и знакомство с новинками отрасли.
27 апреля состоится городской отраслевой форум «Социальный бизнес: создание инноваций и равных возможностей». Он пройдет на площадке «Цифровое деловое пространство» (ЦДП). Форум организован Агентством инноваций Москвы, подведомственным столичному Департаменту предпринимательства и инновационного развития. 
Посетители узнают о технологических новинках отрасли от крупных игроков рынка, познакомятся с лучшими инновационными решениями в рамках питч-сессий по четырем тематическим трекам, а также посетят выставку передовых разработок в социальной сфере.;0"
"Площадка «Цифровое деловое пространство» выиграла в одной из номинаций премии Move Realty Awards. Она открылась для предпринимателей в 2017 году после реконструкции. За это время успели провести около 1,5 тысячи мероприятий, которые посетили более 210 тысяч человек.
Площадка «Цифровое деловое пространство» выиграла в номинации «Лучший проект редевелопмента» на шестой ежегодной профессиональной премии в сфере недвижимости Move Realty Awards 2020. Победителей в 28 номинациях определил экспертный совет конкурса.;0"
"Место притяжения инноваций: новые производства технополиса «Москва». На площадке «Алабушево» появятся центр проектирования микросхем и производство электротранспорта, а в Печатниках осваивают 3D-печать и планируют создавать программно-аппаратные комплексы для видео-конференц-связи.
За последние полгода к сообществу высокотехнологичных производств особой экономической зоны (ОЭЗ) «Технополис “Москва”» присоединились 10 резидентов. Они выпускают сим-карты, средства конференц-связи, придумывают энергоэффективные решения, производят дезинфекционное оборудование, медицинские изделия, комплектующие для электротранспорта и многое другое.;0"
"«Навыки будущего»: какие мастер-классы проведут технопарки «Москва» и «Мосгормаш». Занятия рассчитаны на подростков старше 14 лет.
В мае проект «Навыки будущего» продолжит работу в очном формате. Участников ждут бесплатные мастер-классы от детских технопарков «Москва» и «Мосгормаш». ;0"
"Бизнес и благотворительность: московские сервисы получили награды German Innovation Award. Эксперты признали московские проекты перспективными инновационными решениями для разных сфер жизни.
Три столичных онлайн-сервиса стали лауреатами престижной международной премии German Innovation Award. Более 60 лет ей отмечают перспективные технологические проекты. Как сообщила Наталья Сергунина, заместитель Мэра Москвы, наград, в частности, удостоились онлайн-платформа Московского инновационного кластера i.moscow и благотворительный сервис на портале mos.ru.;0"
"Более 300 компаний — разработчиков инноваций присоединилось к программе пилотного тестирования в Москве. На различных площадках Москвы сейчас идет тестирование интеллектуальной системы учета и контроля энергоресурсов, электронных медосмотров, умных скамеек и даже мусорных баков с системой поощрения.
Испытания передовых технологических решений проходят на 117 принадлежащих городу и коммерческих площадках. Программа Агентства инноваций Москвы, которая появилась в столице в 2019 году, охватила уже 18 отраслевых направлений, включая образование, медицину, ретейл, производство и благоустройство. ;0"
"Испытания уникальных гаджетов проведут спортивные федерации и клубы столицы.
В рамках программы пилотного тестирования инновационных решений в Москве проверят эффективность новейших разработок в области спорта. Гаджеты были представлены на выставке «Инновации в спортивной индустрии» Агентства инноваций Москвы. Она проходила на площадке «Старт Хаб», расположенной на территории бывшей фабрики «Красный Октябрь». В экспозицию вошло более 90 уникальных решений, призванных улучшить тренировочный процесс и укрепить здоровье спортсменов, — от ИТ-сервисов и приложений до тренажеров и специального оборудования.
Во время мероприятия авторы разработок могли пообщаться с потенциальными заказчиками и другими предпринимателями, а также получить подробную информацию о поддержке города.;0"